location,land_area_sqft,floors,bedrooms,bathrooms,windows,doors,cement_bags,rcc_structure,plumbing,electricity,land_cost,construction_cost,material_cost,total_price
Chitwan,1055,1,5,4,13,4,238,1,1,0,6857500,1899000,167460,9043960
Dhangadi,2779,2,6,3,9,8,253,1,1,1,15284500,10004400,181760,25670660
Pokhara,2018,1,6,2,11,8,405,1,0,0,18162000,3632400,252600,22047000
Pokhara,727,4,4,4,5,3,392,1,1,1,6543000,5234400,198640,12176040
Pokhara,1447,4,1,4,14,6,221,1,1,1,13023000,10418400,174820,23816220
Chitwan,1850,3,2,3,11,5,215,1,0,1,12025000,9990000,156300,22251300
Chitwan,1504,4,3,3,5,5,366,1,0,0,9776000,10828800,198720,20803520
Pokhara,2710,1,4,2,8,5,273,1,1,0,24390000,4878000,170160,29558160
Dhangadi,2531,4,4,1,10,7,244,1,1,0,13920500,18223200,175980,32439680
Pokhara,629,1,4,3,14,5,352,1,1,0,5661000,1132200,224340,7137540
Chitwan,2885,3,2,1,7,6,233,1,0,1,18752500,15579000,155360,34566860
Dhangadi,689,2,2,2,6,2,496,1,0,1,3789500,2480400,240320,6590220
Dhangadi,696,4,6,1,14,7,315,1,0,1,3828000,5011200,219800,9139000
Dhangadi,1963,1,3,2,8,3,237,1,1,1,10796500,3533400,144040,14673940
Chitwan,2706,3,1,4,9,2,312,1,1,0,17589000,14612400,173540,32494940
Dhangadi,814,4,2,4,12,4,304,1,1,1,4477000,5860800,191680,10729480
Syangja,2135,4,3,4,13,3,436,1,0,0,8540000,15372000,245120,24157120
Pokhara,2163,2,5,1,4,7,437,1,1,1,19467000,7786800,236040,27689840
Syangja,1733,2,2,4,10,3,211,1,1,0,6932000,6238800,140120,13430920
Pokhara,1477,4,2,3,4,8,450,1,1,0,13293000,10634400,247000,24294400
Chitwan,2883,4,4,1,13,7,368,1,1,0,18739500,20757600,238560,39855660
Syangja,2031,3,3,4,8,2,432,1,0,1,8124000,10967400,220440,19391840
Pokhara,2777,2,2,1,8,2,389,1,1,0,24993000,9997200,202380,35312580
Chitwan,684,2,1,4,11,3,364,1,1,1,4446000,2462400,207880,7316280
Syangja,1270,4,1,3,11,5,222,1,0,1,5080000,9144000,159240,14463240
Kathmandu,1149,3,1,1,10,8,427,1,1,0,13788000,6204600,258340,20370940
Kathmandu,1065,2,3,2,10,5,297,1,1,0,12780000,3834000,187240,16921240
Pokhara,1618,1,5,2,11,6,333,1,0,1,14562000,2912400,211360,17765760
Dhangadi,2527,2,6,1,8,4,189,1,1,1,13898500,9097200,129380,23325080
Syangja,1374,4,3,1,13,3,285,1,0,0,5496000,9892800,181700,15570500
Kathmandu,2094,4,2,2,6,4,335,1,0,1,25128000,15076800,183700,40468500
Syangja,2207,3,4,2,8,5,364,1,0,1,8828000,11917800,208380,21034180
Syangja,706,4,1,4,13,2,202,1,1,0,2824000,5083200,141340,8168540
Dhangadi,1079,3,1,4,4,2,275,1,0,0,5934500,5826600,140500,11901600
Dhangadi,1123,1,2,1,14,5,393,1,0,1,6176500,2021400,241560,8519460
Chitwan,2544,1,4,2,6,8,464,1,0,0,16536000,4579200,259880,21375080
Chitwan,2962,2,6,3,6,3,258,1,1,1,19253000,10663200,145860,30262060
Chitwan,921,2,1,1,5,4,312,1,0,0,5986500,3315600,170540,9472640
Kathmandu,1769,3,5,3,4,5,290,1,0,0,21228000,9552600,163300,30943900
Pokhara,1894,4,3,1,7,5,422,1,1,1,17046000,13636800,229240,31112040
Pokhara,2839,4,2,4,5,8,182,1,1,1,25551000,20440800,137940,46329740
Chitwan,653,3,5,4,7,3,279,1,1,1,4244500,3526200,158180,8128880
Syangja,2480,4,2,2,11,5,333,1,0,1,9920000,17856000,205860,28061860
Kathmandu,2594,4,6,3,5,7,266,1,1,1,31128000,18676800,167720,50172520
Dhangadi,2309,1,4,4,9,3,387,1,1,0,12699500,4156200,210540,17186240
Chitwan,2130,3,3,4,8,7,259,1,0,0,13845000,11502000,175280,25522280
Chitwan,698,3,1,4,12,6,320,1,1,0,4537000,3769200,209400,8635600
Syangja,2246,2,2,2,7,7,262,1,1,0,8984000,8085600,173040,17362640
Syangja,2329,4,5,3,12,8,431,1,0,1,9316000,16768800,267020,26431820
Chitwan,1424,1,2,2,14,6,364,1,0,0,9256000,2563200,234880,12054080
Kathmandu,2169,4,5,2,7,7,447,1,1,1,26028000,15616800,250740,42095540
Dhangadi,2638,4,4,1,13,7,389,1,1,1,14509000,18993600,247380,33949980
Chitwan,1784,3,3,2,7,6,339,1,1,1,11596000,9633600,199880,21629480
Pokhara,1336,1,6,3,14,8,462,1,0,0,12024000,2404800,287040,14715840
Kathmandu,1033,2,4,2,10,8,271,1,1,0,12396000,3718800,192820,16427620
Chitwan,2899,2,3,1,5,6,395,1,0,1,18843500,10436400,216400,29576300
Syangja,2703,4,5,1,5,2,348,1,0,0,10812000,19461600,174660,30448260
Pokhara,2839,1,1,2,10,4,438,1,0,1,25551000,5110200,240960,30982160
Dhangadi,2951,4,5,4,9,8,477,1,1,1,16230500,21247200,275840,37953540
Syangja,736,3,4,2,10,8,305,1,1,1,2944000,3974400,207100,7325500
Pokhara,901,4,3,4,13,6,180,1,0,1,8109000,6487200,154100,14830300
Chitwan,2362,2,3,2,11,3,491,1,0,1,15353000,8503200,261220,24197420
Kathmandu,2139,2,4,3,11,8,354,1,1,1,25668000,7700400,231180,33799580
Chitwan,1464,4,6,2,13,2,361,1,0,0,9516000,10540800,208120,20264920
Syangja,1954,4,5,4,7,7,432,1,1,1,7816000,14068800,244440,22329240
Dhangadi,2724,4,4,2,9,5,423,1,1,1,14982000,19612800,236660,35031460
Dhangadi,1004,1,6,1,4,4,322,1,0,0,5522000,1807200,171240,7500440
Chitwan,2324,2,4,1,14,8,190,1,1,1,15106000,8366400,172800,23845200
Kathmandu,930,4,6,2,9,3,322,1,0,0,11160000,6696000,183240,18039240
Kathmandu,2129,2,2,4,9,8,405,1,0,0,25548000,7664400,245600,33458000
Dhangadi,734,3,5,2,10,3,237,1,1,0,4037000,3963600,151040,8271640
Dhangadi,992,1,4,4,13,8,222,1,1,1,5456000,1785600,182740,7624340
Syangja,1133,4,1,2,11,8,324,1,0,0,4532000,8157600,218580,12908180
Dhangadi,1938,4,5,1,8,8,295,1,0,0,10659000,13953600,195900,24808500
Kathmandu,2677,1,6,1,13,5,294,1,1,0,32124000,4818600,196480,37259080
Pokhara,2028,3,1,4,5,3,481,1,1,0,18252000,10951200,236020,29559220
Chitwan,1358,3,1,3,6,2,387,1,1,0,8827000,7333200,194540,16474740
Pokhara,2399,2,6,2,6,6,470,1,1,0,21591000,8636400,251400,30598800
Kathmandu,750,1,6,4,6,6,384,1,0,0,9000000,1350000,215280,10565280
Pokhara,1204,3,4,2,4,5,263,1,1,1,10836000,6501600,151960,17689560
Chitwan,1625,3,2,3,5,3,393,1,0,1,10562500,8775000,199060,19616560
Kathmandu,1339,2,2,3,10,3,434,1,1,0,16068000,4820400,233780,21242180
Chitwan,1221,1,6,4,8,8,240,1,1,1,7936500,2197800,172800,10507100
Dhangadi,917,1,4,1,4,2,280,1,0,1,5043500,1650600,142600,6916700
Dhangadi,2162,1,2,4,13,5,357,1,0,0,11891000,3891600,222940,16005540
Pokhara,2130,1,3,1,7,8,469,1,1,0,19170000,3834000,265480,23389480
Pokhara,2345,2,5,3,9,5,308,1,1,1,21105000,8442000,188360,29935360
Kathmandu,850,3,3,2,6,8,238,1,1,1,10200000,4590000,164960,15154960
Kathmandu,651,3,5,3,12,6,396,1,0,1,7812000,3515400,241320,11648720
Chitwan,1730,2,2,3,8,4,402,1,1,0,11245000,6228000,218840,17811840
Dhangadi,2254,3,5,3,9,2,287,1,1,0,12397000,12171600,163040,24851640
Pokhara,686,2,2,4,11,3,266,1,0,1,6174000,2469600,166720,8890320
Pokhara,847,4,5,3,4,3,383,1,0,1,7623000,6098400,191360,13992760
Pokhara,1941,2,4,2,14,3,404,1,1,0,17469000,6987600,235180,24811780
Syangja,1208,2,2,2,7,5,367,1,1,1,4832000,4348800,206140,9586940
Pokhara,956,3,5,1,9,7,225,1,1,0,8604000,5162400,164500,14050900
Chitwan,1742,1,1,4,4,5,221,1,1,1,11323000,3135600,134320,14792920
Kathmandu,1233,4,6,2,8,6,467,1,1,0,14796000,8877600,257140,24050740
Dhangadi,1910,3,1,4,11,2,437,1,1,1,10505000,10314000,233040,21252040
Kathmandu,2232,4,3,2,7,2,305,1,1,1,26784000,16070400,163600,43218000
Pokhara,1292,2,2,2,9,2,498,1,1,1,11628000,4651200,251660,16730860
Chitwan,2921,3,3,4,6,6,387,1,0,0,18986500,15773400,216540,34976440
Pokhara,844,2,3,3,11,5,303,1,0,0,7596000,3038400,193260,10827660
Dhangadi,1284,4,1,1,9,7,323,1,0,1,7062000,9244800,205660,16592460
Chitwan,2767,3,4,3,6,3,364,1,0,1,17985500,14941800,190380,33197680
Chitwan,1867,4,6,4,4,2,235,1,0,1,12135500,13442400,123700,25781600
Kathmandu,960,2,2,3,8,3,216,1,0,0,11520000,3456000,135220,15111220
Syangja,2716,3,5,1,10,7,384,1,1,0,10864000,14666400,234780,25885180
Pokhara,2943,4,2,4,7,7,255,1,0,0,26487000,21189600,170100,47846700
Pokhara,2689,3,4,1,10,7,245,1,0,0,24201000,14520600,176400,38898000
Dhangadi,608,1,6,1,6,3,401,1,0,1,3344000,1094400,205920,4724320
Dhangadi,2471,1,6,2,10,3,276,1,1,0,13590500,4447800,167420,18325720
Pokhara,992,4,4,4,11,6,242,1,0,0,8928000,7142400,173140,16243540
Pokhara,752,4,3,1,10,8,291,1,0,0,6768000,5414400,201220,12383620
Kathmandu,2655,4,3,2,11,7,205,1,1,1,31860000,19116000,163100,51339100
Dhangadi,1085,2,3,2,9,3,494,1,0,1,5967500,3906000,255480,10208980
Dhangadi,1055,1,4,1,14,2,335,1,1,0,5802500,1899000,200700,8022200
Dhangadi,2482,1,4,2,10,3,390,1,0,0,13651000,4467600,215300,18333900
Pokhara,2924,3,5,2,12,5,259,1,1,0,26316000,15789600,178280,42403880
Chitwan,662,1,2,1,13,6,249,1,1,1,4303000,1191600,183080,5877680
Syangja,2708,1,1,1,13,5,246,1,0,0,10832000,4874400,176320,15882720
Chitwan,2932,4,1,4,10,6,455,1,0,1,19058000,21110400,259100,40507500
Syangja,609,4,2,2,6,7,294,1,0,1,2436000,4384800,182980,7083780
Pokhara,1251,1,6,4,4,4,371,1,1,0,11259000,2251800,191820,13822620
Pokhara,926,1,6,4,10,7,182,1,1,0,8334000,1666800,149940,10270740
Syangja,2444,2,6,3,13,8,199,1,0,0,9776000,8798400,173080,18747480
Kathmandu,1045,4,4,3,8,7,367,1,1,1,12540000,7524000,220640,20484640
Dhangadi,2149,1,4,4,9,2,371,1,1,0,11819500,3868200,198320,16006020
Chitwan,2193,4,4,1,14,6,324,1,0,1,14254500,15789600,218080,30342180
Chitwan,2973,1,3,4,13,3,307,1,1,1,19324500,5351400,190940,25066840
Kathmandu,2919,3,2,1,11,3,266,1,0,0,35028000,15762600,166720,50957320
Dhangadi,1791,1,6,4,10,3,218,1,0,0,9850500,3223800,143060,13217360
Kathmandu,1071,4,1,1,7,8,449,1,1,1,12852000,7711200,257080,21020280
Syangja,2190,3,1,1,4,8,418,1,0,0,8760000,11826000,233560,20819560
Pokhara,1216,2,6,2,11,3,411,1,0,1,10944000,4377600,227620,15629220
Kathmandu,1582,1,1,3,6,5,281,1,1,1,18984000,2847600,166520,22198120
Chitwan,1872,3,4,2,9,3,420,1,0,0,12168000,10108800,224400,22501200
Kathmandu,1976,3,4,4,12,3,361,1,0,0,23712000,10670400,210120,34592520
Dhangadi,1567,1,2,4,11,3,284,1,1,1,8618500,2820600,174280,11813380
Pokhara,977,4,2,3,6,5,234,1,0,0,8793000,7034400,146780,15974180
Chitwan,1263,3,4,3,7,2,272,1,1,0,8209500,6820200,149740,15299440
Dhangadi,1997,4,4,4,4,4,319,1,0,0,10983500,14378400,169980,25531880
Pokhara,2486,1,5,2,4,5,339,1,1,1,22374000,4474800,183880,27232680
Kathmandu,1302,4,1,2,14,6,433,1,0,0,15624000,9374400,263860,25262260
Dhangadi,965,2,6,3,11,6,385,1,0,0,5307500,3474000,233200,9014700
Syangja,2272,3,6,1,10,5,199,1,1,0,9088000,12268800,146080,21622880
Syangja,2048,3,2,1,5,3,355,1,1,1,8192000,11059200,183100,19634300
Syangja,2264,3,5,1,6,6,198,1,0,0,9056000,12225600,137160,21418760
Syangja,2209,1,4,4,14,5,431,1,1,1,8836000,3976200,257520,13269720
Pokhara,1159,4,1,3,13,5,222,1,0,1,10431000,8344800,166240,19022040
Chitwan,990,3,3,1,14,7,419,1,1,1,6435000,5346000,263480,12244480
Chitwan,1051,4,6,2,13,8,204,1,1,0,6831500,7567200,175180,14693880
Syangja,1939,4,3,1,12,5,386,1,0,0,7756000,13960800,231620,21948420
Chitwan,922,3,5,2,14,7,402,1,1,1,5993000,4978800,256340,11428140
Syangja,1230,3,3,2,11,2,486,1,1,1,4920000,6642000,253620,12015620
Dhangadi,639,2,4,2,9,5,495,1,0,1,3514500,2300400,266900,6161800
Pokhara,2489,2,5,2,4,7,447,1,1,1,22401000,8960400,240240,31801640
Syangja,1126,4,2,2,12,5,489,1,0,1,4504000,8107200,274880,12966080
Syangja,1045,2,1,3,8,2,413,1,0,0,4180000,3762000,212460,8154460
Pokhara,844,1,3,2,14,4,450,1,0,1,7596000,1519200,260000,9455200
Kathmandu,2975,4,6,1,4,5,302,1,0,1,35700000,21420000,168340,57368340
Kathmandu,732,4,6,2,8,6,264,1,0,1,8784000,5270400,171880,14306280
Pokhara,1410,4,4,4,4,7,380,1,0,1,12690000,10152000,212100,23134100
Syangja,2696,4,4,1,4,5,191,1,0,0,10784000,19411200,121720,30316920
Kathmandu,1206,1,5,1,12,8,494,1,1,0,14472000,2170800,293480,17056280
Syangja,1181,1,3,2,6,6,372,1,1,1,4724000,2125800,210240,7260040
Dhangadi,796,1,3,1,13,5,250,1,1,0,4378000,1432800,178000,6108800
Chitwan,2794,2,2,1,14,3,371,1,0,1,18161000,10058400,221320,28520720
Pokhara,1669,2,6,4,11,2,265,1,0,1,15021000,6008400,160800,21270200
Pokhara,632,3,4,2,12,6,361,1,0,0,5688000,3412800,226620,9327420
Pokhara,2622,1,3,2,11,3,398,1,1,1,23598000,4719600,222160,28739760
Kathmandu,1636,3,2,4,7,8,283,1,1,0,19632000,8834400,187360,28773760
Syangja,771,2,3,3,7,2,323,1,1,0,3084000,2775600,171160,6150760
Kathmandu,1821,4,4,1,11,3,482,1,0,0,21852000,13111200,257440,35220640
Dhangadi,864,3,5,1,14,7,256,1,0,0,4752000,4665600,195020,9612620
Kathmandu,2828,3,1,4,14,4,273,1,0,1,33936000,15271200,185660,49472860
Kathmandu,1326,1,5,2,4,3,415,1,1,0,15912000,2386800,204800,18623600
Pokhara,1367,4,6,4,4,6,396,1,0,0,12303000,9842400,213320,22358720
Dhangadi,2861,3,2,3,14,3,321,1,1,0,15735500,15449400,200320,31505220
Pokhara,2540,3,5,2,12,7,468,1,1,0,22860000,13716000,277060,36973060
Kathmandu,2604,1,3,3,10,6,467,1,1,1,31248000,4687200,264140,36399340
Syangja,708,3,2,1,14,4,445,1,0,0,2832000,3823200,257900,6913100
Chitwan,2596,1,1,4,7,6,265,1,1,0,16874000,4672800,168800,21835600
Dhangadi,1868,4,2,3,4,4,334,1,0,1,10274000,13449600,176280,23979880
Chitwan,1648,4,3,4,12,8,281,1,1,0,10712000,11865600,204020,22901620
Syangja,1524,3,2,2,8,5,337,1,0,1,6096000,8229600,197040,14602640
Pokhara,2584,4,1,1,10,6,482,1,0,0,23256000,18604800,270440,42131240
Pokhara,772,1,3,2,7,5,399,1,0,1,6948000,1389600,219580,8637180
Dhangadi,2092,3,4,1,6,7,275,1,1,1,11506000,11296800,175000,23177800
Pokhara,2090,2,5,1,4,8,247,1,1,1,18810000,7524000,161740,26695740
Kathmandu,897,4,3,3,14,6,407,1,1,1,10764000,6458400,252940,17675340
Chitwan,891,3,6,2,14,6,476,1,1,0,5791500,4811400,281920,11004820
Chitwan,2632,1,4,4,4,6,238,1,0,1,17108000,4737600,146960,22072560
Dhangadi,914,1,1,4,4,8,300,1,0,1,5027000,1645200,184000,6936200
Kathmandu,1852,3,2,4,13,6,368,1,1,0,22224000,10000800,233060,32577860
Chitwan,2496,3,5,1,10,4,470,1,0,1,16224000,13478400,254400,30036800
Dhangadi,1909,3,6,1,12,4,416,1,0,0,10499500,10308600,238720,21046820
Dhangadi,1071,3,2,2,14,8,219,1,1,0,5890500,5783400,184980,11978880
Dhangadi,2894,3,1,1,11,4,238,1,0,1,15917000,15627600,160460,31785060
Syangja,1721,3,6,2,12,6,456,1,1,0,6884000,9293400,266520,16563920
Chitwan,1497,1,5,2,11,4,253,1,1,0,9730500,2694600,166760,12711860
Syangja,1267,4,1,4,8,5,298,1,0,1,5068000,9122400,180660,14451060
Pokhara,2078,4,1,4,9,5,364,1,1,1,18702000,14961600,211880,34075480
Kathmandu,2560,4,5,4,5,2,376,1,1,0,30720000,18432000,186420,49458420
Dhangadi,2012,1,3,1,14,6,500,1,0,1,11066000,3621600,292000,15059600
Dhangadi,1998,4,3,3,5,3,247,1,0,1,10989000,14385600,137740,25592340
Chitwan,2856,3,1,4,9,3,417,1,1,1,18564000,15422400,223140,34409540
Syangja,1287,3,3,3,10,5,264,1,0,0,5148000,6949800,173380,12271180
Kathmandu,2783,3,2,2,9,7,494,1,1,1,33396000,15028200,277480,48901680
Dhangadi,1460,3,5,3,14,6,236,1,0,0,8030000,7884000,181120,16095120
Chitwan,2142,3,4,4,7,4,242,1,1,1,13923000,11566800,148140,25837940
Chitwan,747,3,4,3,10,2,301,1,1,0,4855500,4033800,172420,9181720
Dhangadi,1283,3,1,3,6,7,408,1,0,0,7056500,6928200,230860,14215560
Chitwan,1567,4,6,2,5,6,444,1,1,1,10185500,11282400,236980,21904880
Dhangadi,901,1,2,3,11,7,234,1,0,1,4955500,1621800,175280,6832580
Pokhara,1002,4,3,2,10,5,253,1,0,0,9018000,7214400,168760,16401160
Dhangadi,1563,2,1,2,6,4,356,1,0,1,8596500,5626800,192520,14495820
Pokhara,2141,3,1,2,8,7,302,1,1,1,19269000,11561400,193340,31223740
Syangja,1973,4,5,3,7,5,500,1,1,0,7892000,14205600,262000,22479600
Chitwan,650,3,4,1,4,2,226,1,0,1,4225000,3510000,119920,7934920
Syangja,2948,3,2,4,11,4,235,1,1,1,11792000,15919200,159200,28070400
Kathmandu,1253,1,4,4,7,6,363,1,0,1,15036000,2255400,209960,17581360
Pokhara,921,1,3,3,7,5,186,1,1,1,8289000,1657800,130120,10276920
Kathmandu,2708,1,1,2,8,5,270,1,0,1,32496000,4874400,168900,37619300
Syangja,2786,2,4,2,6,4,343,1,1,0,11144000,10029600,187060,21480660
Kathmandu,1918,3,3,2,10,3,443,1,1,1,23016000,10357200,237560,33810760
Kathmandu,2958,3,5,3,10,7,225,1,0,0,35496000,15973200,168000,51637200
Chitwan,1562,2,1,2,12,2,446,1,1,0,10153000,5623200,240320,16136520
Kathmandu,1830,4,1,3,4,8,215,1,0,0,21960000,13176000,148300,35284300
Chitwan,999,4,4,4,7,4,476,1,1,1,6493500,7192800,246420,14132720
Chitwan,1031,4,2,4,4,2,282,1,1,0,6701500,7423200,143440,14388140
Kathmandu,2143,4,4,3,4,2,322,1,0,1,25716000,15429600,160240,41385840
Dhangadi,787,4,4,1,11,8,317,1,0,1,4328500,5666400,215640,10290540
Dhangadi,2823,4,4,4,8,4,361,1,1,0,15526500,20325600,201620,36173720
Pokhara,2256,1,4,3,10,3,474,1,1,0,20304000,4060800,250580,24735380
Kathmandu,1236,2,3,3,6,7,314,1,1,1,14832000,4449600,191380,19672980
Kathmandu,2461,2,4,4,14,7,486,1,1,0,29532000,8859600,291620,38803220
Pokhara,883,2,6,2,13,8,387,1,0,1,7947000,3178800,252040,11457840
Kathmandu,2860,2,4,1,10,5,359,1,0,1,34320000,10296000,213280,44909280
Syangja,1584,4,2,1,10,5,300,1,1,1,6336000,11404800,188500,18129300
Pokhara,1227,3,2,3,4,4,378,1,0,0,11043000,6625800,194760,17863560
Dhangadi,1310,3,5,4,14,7,318,1,0,0,7205000,7074000,221060,14500060
Pokhara,2626,4,3,4,14,7,240,1,0,0,23634000,18907200,188300,42729500
Pokhara,2844,3,1,3,13,8,469,1,1,1,25596000,15357600,286480,41440080
Pokhara,1488,2,2,2,6,4,226,1,0,1,13392000,5356800,137920,18966720
Kathmandu,2160,4,6,3,11,8,402,1,0,0,25920000,15552000,251340,41723340
Dhangadi,1753,2,3,4,13,4,421,1,0,1,9641500,6310800,244320,16276620
Pokhara,982,3,5,4,4,5,185,1,0,1,8838000,5302800,119200,14340000
Chitwan,1056,4,1,2,5,8,445,1,1,0,6864000,7603200,248400,14835600
Dhangadi,1363,4,1,2,7,6,316,1,1,0,7496500,9813600,190220,17620320
Chitwan,1327,1,1,4,8,3,271,1,0,0,8625500,2388600,158320,11172420
Syangja,1157,4,6,2,4,5,194,1,1,1,4628000,8330400,122980,13281380
Kathmandu,1311,2,3,3,10,2,477,1,0,1,15732000,4719600,246340,20777940
Kathmandu,631,1,1,1,8,7,499,1,0,0,7572000,1135800,276080,8983880
Chitwan,2347,2,1,1,11,2,431,1,1,1,15255500,8449200,230520,24135220
Chitwan,2939,1,1,2,6,7,385,1,1,0,19103500,5290200,221200,24734900
Syangja,1350,3,2,4,8,4,229,1,0,0,5400000,7290000,146180,12836180
Chitwan,2988,3,5,2,8,2,416,1,0,1,19422000,16135200,213720,35850920
Dhangadi,1717,3,6,1,12,8,225,1,0,1,9443500,9271800,180500,18975800
Pokhara,1431,3,5,2,12,6,465,1,1,0,12879000,7727400,270300,20996700
Kathmandu,1598,3,2,3,6,4,288,1,1,0,19176000,8629200,163960,28089160
Pokhara,1778,4,4,3,4,3,442,1,0,1,16002000,12801600,216140,29099740
Pokhara,1495,3,1,2,11,6,345,1,1,1,13455000,8073000,216400,21944400
Kathmandu,698,3,6,1,12,6,475,1,1,0,8376000,3769200,274500,12539700
Syangja,1629,1,5,3,9,8,214,1,0,0,6516000,2932200,165380,9613580
Dhangadi,1860,4,6,3,6,6,308,1,0,0,10230000,13392000,183360,23805360
Dhangadi,1466,4,5,3,7,8,250,1,0,0,8063000,10555200,173500,18791700
Dhangadi,1732,2,6,3,11,5,289,1,1,0,9526000,6235200,187380,16068580
Syangja,2640,3,1,1,4,7,406,1,0,1,10560000,14256000,223020,25119020
Syangja,1179,2,1,2,13,7,186,1,0,0,4716000,4244400,162120,9122520
Dhangadi,1270,3,5,4,10,5,210,1,0,1,6985000,6858000,150700,14073700
Syangja,2292,1,4,4,10,5,332,1,0,1,9168000,4125600,201940,13575540
Chitwan,1200,2,5,2,8,5,248,1,1,0,7800000,4320000,159660,12399660
Chitwan,2814,1,6,3,4,8,254,1,0,0,18291000,5065200,164680,23520880
Chitwan,1074,1,6,4,13,8,446,1,1,0,6981000,1933200,276820,9311020
Pokhara,1308,4,1,3,12,6,428,1,0,1,11772000,9417600,254760,21524360
Chitwan,1604,2,6,1,8,7,194,1,0,0,10426000,5774400,147980,16348380
Pokhara,2015,1,2,1,13,7,288,1,1,0,18135000,3627000,204960,22086960
Dhangadi,1486,1,5,4,10,8,236,1,0,0,8173000,2674800,178120,11025920
Syangja,2617,1,1,3,4,4,306,1,1,0,10468000,4710600,164520,15463120
Dhangadi,709,3,3,4,10,4,280,1,0,0,3899500,3828600,174600,7902700
Pokhara,703,1,2,2,14,7,346,1,1,1,6327000,1265400,232820,8025220
Syangja,1481,3,4,2,13,4,319,1,1,0,5924000,7997400,201480,14242880
Chitwan,2302,1,1,1,6,2,208,1,1,0,14963000,4143600,119360,19345960
Pokhara,1950,2,3,1,12,2,273,1,0,0,17550000,7020000,167660,24737660
Dhangadi,860,3,3,3,6,5,269,1,1,0,4730000,4644000,161480,9655480
Chitwan,866,2,1,4,6,6,269,1,1,0,5629000,3117600,166980,9033580
Chitwan,1064,4,6,4,14,3,180,1,1,1,6916000,7660800,141100,14917900
Syangja,2200,1,3,1,4,5,412,1,0,0,8800000,3960000,214540,12974540
Chitwan,1534,1,5,2,7,2,353,1,1,0,9971000,2761200,183760,13035960
Kathmandu,1404,3,2,1,7,2,335,1,0,1,16848000,7581600,176200,24685800
Pokhara,1694,1,5,1,6,8,381,1,1,0,15246000,3049200,225020,18640220
Chitwan,1009,1,2,1,5,4,455,1,1,1,6558500,1816200,230600,8805300
Dhangadi,1339,2,3,3,14,6,333,1,1,0,7364500,4820400,221860,12526760
Pokhara,1161,3,3,3,10,5,336,1,1,1,10449000,6269400,203620,17122020
Pokhara,2255,4,5,1,6,4,498,1,0,1,20295000,16236000,252160,36863160
Dhangadi,2506,1,4,4,7,7,319,1,1,0,13783000,4510800,196980,18610780
Dhangadi,2869,1,1,4,4,6,303,1,0,0,15779500,5164200,174260,21117960
Kathmandu,2086,1,5,1,11,7,295,1,0,0,25032000,3754800,200900,28987700
Syangja,2025,4,5,1,6,8,252,1,1,1,8100000,14580000,170840,23050840
Syangja,2740,2,4,4,14,6,304,1,0,0,10960000,9864000,209680,21033680
Chitwan,2001,1,2,1,10,7,423,1,1,1,13006500,3601800,251160,17059460
Kathmandu,2566,1,5,2,12,5,278,1,1,0,30792000,4618800,186260,35717060
Chitwan,1556,1,4,4,13,4,273,1,0,1,10114000,2800800,182160,13176960
Kathmandu,2523,4,6,1,5,3,226,1,1,0,30276000,18165600,128920,48690520
Dhangadi,1562,4,1,1,10,7,192,1,1,0,8591000,11246400,154140,20111540
Kathmandu,921,1,2,2,11,4,303,1,1,0,11052000,1657800,187760,13017560
Pokhara,1900,1,5,3,13,6,222,1,1,0,17100000,3420000,171740,20811740
Dhangadi,2570,4,5,2,11,4,342,1,1,0,14135000,18504000,204140,32963140
Kathmandu,2940,4,5,1,6,2,422,1,0,0,35280000,21168000,209240,56657240
Chitwan,1260,3,3,3,7,8,259,1,1,1,8190000,6804000,177280,15371280
Syangja,2201,4,3,3,5,2,261,1,1,1,8804000,15847200,138120,24989320
Chitwan,2241,1,6,1,11,7,398,1,0,0,14566500,4033800,244160,18844460
Kathmandu,1303,3,3,2,11,2,328,1,1,1,15636000,7036200,187260,23059460
Dhangadi,2600,3,5,3,12,6,191,1,1,0,14300000,14040000,155220,28615220
Kathmandu,2516,4,1,1,10,5,302,1,1,1,30192000,18115200,189340,48696540
Kathmandu,1358,4,5,1,12,8,407,1,0,1,16296000,9777600,256940,26410540
Kathmandu,2965,2,3,4,13,7,194,1,1,1,35580000,10674000,165480,46619480
Dhangadi,1594,1,4,2,14,5,496,1,1,0,8767000,2869200,284820,12041020
Chitwan,2528,2,2,2,6,2,254,1,0,0,16432000,9100800,138680,25671480
Kathmandu,2116,2,1,3,11,8,431,1,0,1,25392000,7617600,263520,33353120
Syangja,2914,3,1,3,11,2,193,1,1,1,11656000,15735600,130560,27722160
Pokhara,2195,4,4,1,7,5,438,1,0,1,19755000,15804000,235960,35874960
Chitwan,1963,4,2,1,9,2,343,1,0,0,12759500,14133600,186560,27079660
Syangja,2723,1,4,1,8,6,330,1,0,1,10892000,4901400,199600,16073000
Dhangadi,1428,1,5,2,11,2,196,1,0,0,7854000,2570400,131820,10556220
Pokhara,2050,3,1,1,10,6,487,1,1,1,18450000,11070000,272540,29992540
Chitwan,2295,3,2,4,7,3,356,1,0,1,14917500,12393000,190520,27581020
Syangja,1657,1,6,2,12,5,479,1,0,1,6628000,2982600,270680,9961280
Kathmandu,2248,1,3,2,10,7,186,1,0,1,26976000,4046400,151620,31254020
Chitwan,2728,4,3,3,4,6,475,1,1,0,17732000,19641600,246500,37740100
Chitwan,1539,2,4,3,12,8,361,1,0,1,10003500,5540400,237620,15861520
Dhangadi,2329,4,3,4,14,4,375,1,0,0,12809500,16768800,228500,29806800
Pokhara,1005,2,4,3,14,5,299,1,1,1,9045000,3618000,202080,13065080
Pokhara,1608,1,5,3,10,7,415,1,1,0,14472000,2894400,247800,17734200
Syangja,2745,3,6,3,6,3,225,1,1,1,10980000,14823000,132000,26135000
Dhangadi,1593,1,6,2,10,4,391,1,1,0,8761500,2867400,221220,11970120
Dhangadi,657,1,5,2,13,7,414,1,1,1,3613500,1182600,257880,5253980
Pokhara,2582,1,2,3,6,8,497,1,0,1,23238000,4647600,273740,28239340
Kathmandu,2108,3,5,1,6,8,445,1,1,0,25296000,11383200,251900,37051100
Syangja,2425,3,3,1,5,2,268,1,1,1,9700000,13095000,141060,23136060
Syangja,2158,1,4,3,14,5,230,1,0,1,8632000,3884400,173100,12769500
Dhangadi,1975,4,2,4,7,6,492,1,1,1,10862500,14220000,264140,25546640
Syangja,1114,4,6,4,9,3,340,1,1,0,4456000,8020800,190800,12787600
Syangja,966,2,3,3,6,2,434,1,1,1,3864000,3477600,214280,7755880
Syangja,1339,4,2,1,14,7,299,1,0,0,5356000,9640800,213080,15209880
Kathmandu,1045,1,5,4,8,6,219,1,0,1,12540000,1881000,152980,14653980
Dhangadi,1218,3,3,3,12,7,279,1,1,0,6699000,6577200,197680,13593880
Dhangadi,1801,2,4,1,4,6,263,1,0,0,9905500,6483600,157460,16546560
Syangja,2770,4,3,1,4,8,261,1,0,1,11080000,19944000,167620,31271620
Chitwan,1809,4,4,2,6,4,198,1,0,1,11758500,13024800,126160,24989460
Kathmandu,797,4,2,3,7,8,399,1,0,1,9564000,5738400,236080,15618480
Dhangadi,1414,3,4,3,13,4,288,1,1,0,7777000,7635600,188460,15721060
Syangja,699,2,5,3,13,3,424,1,1,0,2796000,2516400,240080,5672480
Pokhara,1982,4,3,4,6,2,468,1,0,1,17838000,14270400,228560,32416960
Pokhara,1217,1,1,2,8,7,209,1,0,1,10953000,2190600,154280,13377880
Chitwan,1356,4,6,2,4,7,443,1,1,1,8814000,9763200,238560,19015760
Syangja,1801,1,2,3,9,3,186,1,0,0,7204000,3241800,126120,10571920
Kathmandu,1097,4,6,4,8,5,224,1,0,0,13164000,7898400,149580,21211980
Dhangadi,1336,3,2,4,5,2,235,1,1,1,7348000,7214400,127200,14889600
Pokhara,1123,1,6,4,9,4,367,1,1,0,10107000,2021400,207640,12456040
Chitwan,2476,4,6,2,6,6,353,1,0,1,16094000,17827200,202260,34203460
Kathmandu,2922,2,3,1,11,5,445,1,1,1,35064000,10519200,252900,46036100
Pokhara,1819,2,6,3,8,5,329,1,0,1,16371000,6548400,193680,23193080
Kathmandu,619,2,5,2,13,7,203,1,0,0,7428000,2228400,169260,9825660
Kathmandu,2898,3,4,2,5,7,430,1,0,1,34776000,15649200,236600,50741800
Syangja,2523,1,1,1,12,3,309,1,1,1,10092000,4541400,188280,15021680
Syangja,1862,4,5,1,11,4,406,1,1,1,7448000,13406400,231020,21285420
Chitwan,1185,3,2,4,14,8,248,1,1,0,7702500,6399000,197160,14418660
Pokhara,1571,4,1,2,5,6,232,1,1,1,14139000,11311200,147940,25798140
Chitwan,1426,3,4,1,5,8,427,1,1,0,9269000,7700400,240840,17330240
Chitwan,2860,3,3,2,9,2,215,1,1,1,18590000,15444000,132800,34366800
Kathmandu,2546,2,4,2,14,6,464,1,1,0,30552000,9165600,276880,40114480
Dhangadi,1807,2,3,2,13,4,181,1,0,0,9938500,6505200,143520,16587220
Kathmandu,1333,2,6,4,9,2,213,1,0,1,15996000,4798800,131960,21006760
Chitwan,1235,1,3,1,7,6,405,1,0,1,8027500,2223000,227600,10558100
Kathmandu,2652,3,6,3,4,7,417,1,0,1,31824000,14320800,227640,46452440
Chitwan,2682,1,6,3,4,3,487,1,0,1,17433000,4827600,235040,22575640
Dhangadi,1834,1,3,2,7,3,270,1,0,1,10087000,3301200,154400,13622600
Kathmandu,2933,4,6,3,11,7,335,1,1,0,35196000,21117600,217700,56651300
Syangja,1711,1,6,4,4,2,260,1,1,0,6844000,3079800,134200,10178000
Pokhara,2036,4,3,1,4,5,463,1,1,1,18324000,14659200,235960,33419160
Syangja,776,3,2,4,5,6,391,1,1,1,3104000,4190400,214720,7709120
Syangja,2536,4,3,3,5,5,327,1,1,1,10144000,18259200,182340,28785540
Pokhara,2859,3,1,4,14,6,202,1,0,1,25731000,15438600,166840,41416440
Chitwan,2885,1,2,4,4,8,378,1,1,0,18752500,5193000,216760,24282260
Chitwan,623,3,6,3,7,6,343,1,0,1,4049500,3364200,201560,7695260
Dhangadi,1648,1,2,3,12,2,465,1,0,0,9064000,2966400,248300,12278700
Syangja,1230,1,5,4,8,6,400,1,1,0,4920000,2214000,229000,7483000
Syangja,2996,2,4,2,9,6,278,1,0,0,11984000,10785600,181260,22950860
Chitwan,1544,3,5,3,9,5,196,1,0,0,10036000,8337600,141320,18514920
Dhangadi,1016,3,6,1,8,2,413,1,0,0,5588000,5486400,212460,11286860
Chitwan,611,4,3,3,10,6,272,1,1,0,3971500,4399200,182240,8672940
Kathmandu,2164,1,4,4,5,6,266,1,1,1,25968000,3895200,162220,30225420
Kathmandu,992,1,2,1,6,6,399,1,0,0,11904000,1785600,221580,13911180
Kathmandu,1757,2,1,2,11,8,294,1,0,1,21084000,6325200,205980,27695180
Pokhara,2418,2,3,2,6,4,336,1,0,1,21762000,8704800,184120,30730920
Chitwan,2440,4,1,2,7,5,425,1,1,1,15860000,17568000,230500,33858500
Syangja,1768,4,3,2,9,5,194,1,1,1,7072000,12729600,140480,20142080
Pokhara,1656,3,5,3,5,4,263,1,1,0,14904000,8942400,149960,24116360
Pokhara,2773,4,5,4,14,3,449,1,0,1,24957000,19965600,254080,45256680
Syangja,1244,3,4,4,13,5,467,1,0,0,4976000,6717600,269140,11962740
Dhangadi,2897,3,6,1,8,4,331,1,1,1,15933500,15643800,189020,31966320
Syangja,2645,2,4,4,5,4,203,1,0,0,10580000,9522000,124760,20226760
Syangja,2867,2,2,4,9,3,464,1,0,1,11468000,10321200,242880,22112080
Chitwan,1299,3,3,3,8,2,186,1,0,0,8443500,7014600,117120,15575220
Dhangadi,912,3,1,4,10,3,487,1,0,1,5016000,4924800,256040,10276840
Pokhara,1284,2,5,4,10,4,331,1,1,1,11556000,4622400,196020,16574420
Dhangadi,1274,1,6,2,11,4,312,1,0,0,7007000,2293200,191540,9491740
Chitwan,1732,3,3,4,4,8,258,1,1,1,11258000,9352800,166360,20977160
Syangja,993,2,2,4,10,2,402,1,0,1,3972000,3574800,214840,7841640
Pokhara,2948,2,4,3,12,2,342,1,0,1,26532000,10612800,196640,37421440
Chitwan,1417,4,1,3,12,4,424,1,1,1,9210500,10202400,242080,19854980
Pokhara,1705,2,4,1,8,7,196,1,1,0,15345000,6138000,148820,21751820
Kathmandu,1909,3,4,3,6,2,181,1,0,1,22908000,10308600,108020,33404620
Dhangadi,1200,2,2,3,4,2,388,1,1,1,6600000,4320000,187960,11307960
Kathmandu,1660,3,6,2,13,4,238,1,1,1,19920000,8964000,167460,29251460
Kathmandu,2950,1,3,2,14,4,256,1,0,1,35400000,5310000,178520,40968520
Chitwan,2850,4,1,4,14,8,382,1,0,1,18525000,20520000,253440,39378440
Chitwan,1568,4,3,3,13,5,458,1,1,1,10192000,11289600,265360,21946960
Dhangadi,877,1,3,2,12,3,192,1,0,0,4823500,1578600,139140,6541240
Kathmandu,1289,4,1,3,6,3,412,1,0,1,15468000,9280800,210540,25039340
Syangja,1769,2,3,3,9,6,207,1,0,0,7076000,6368400,151440,13595840
Pokhara,2920,2,2,2,13,3,472,1,1,0,26280000,10512000,260240,37172240
Pokhara,2812,2,6,3,10,7,286,1,0,0,25308000,10123200,193620,35624820
Syangja,1240,4,1,1,4,5,326,1,1,1,4960000,8928000,178420,14266420
Syangja,1836,2,6,1,7,8,487,1,1,1,7344000,6609600,273040,14426640
Dhangadi,1912,3,6,1,14,6,385,1,0,1,10516000,10324800,243700,21164500
Syangja,1661,1,5,2,10,8,349,1,1,0,6644000,2989800,225580,9979380
Chitwan,1033,1,2,1,7,2,436,1,1,0,6714500,1859400,218620,8912520
Pokhara,2914,2,1,3,7,7,494,1,1,1,26226000,10490400,270480,37186880
Chitwan,1247,3,6,2,8,5,301,1,0,0,8105500,6733800,181920,15021220
Kathmandu,1019,4,3,1,5,8,245,1,1,0,12228000,7336800,164400,19849200
Syangja,3000,1,3,1,14,7,485,1,1,0,12000000,5400000,291200,17811200
Pokhara,916,3,4,3,4,4,481,1,1,1,8244000,4946400,238020,13628420
Chitwan,1206,1,5,4,6,7,455,1,0,1,7839000,2170800,250600,10340400
Chitwan,2947,1,4,3,14,3,251,1,0,1,19155500,5304600,170920,24711020
Kathmandu,2616,2,5,1,10,4,275,1,0,0,31392000,9417600,172500,40982100
Pokhara,1109,2,5,3,12,8,486,1,1,1,9981000,3992400,290120,14463520
Chitwan,1961,2,5,1,10,7,237,1,0,0,12746500,7059600,173040,19979140
Pokhara,973,1,2,1,14,4,401,1,1,0,8757000,1751400,239420,10867820
Dhangadi,1129,2,5,3,10,2,342,1,0,0,6209500,4064400,189640,10463540
Syangja,1823,4,1,3,12,6,408,1,1,1,7292000,13125600,246360,20863960
Kathmandu,2350,3,5,2,14,4,359,1,1,1,28200000,12690000,221780,41311780
Syangja,625,4,4,1,6,6,229,1,0,0,2500000,4500000,150180,7150180
Syangja,2029,1,1,1,6,8,244,1,0,1,8116000,3652200,167480,12015680
Kathmandu,1426,2,2,3,7,2,438,1,1,1,17112000,5133600,219460,22665060
Chitwan,1230,1,5,4,12,4,276,1,1,1,7995000,2214000,179920,10588920
Syangja,1894,3,5,2,13,7,247,1,0,0,7576000,10227600,187740,17991340
Chitwan,763,3,2,1,11,5,252,1,1,1,4959500,4120200,171840,9451540
Syangja,839,3,4,3,14,2,440,1,0,0,3356000,4530600,244800,8131400
Pokhara,1623,1,3,2,13,3,327,1,0,1,14607000,2921400,199340,17807740
Kathmandu,2236,4,1,1,7,5,291,1,1,1,26832000,16099200,174220,43305420
Dhangadi,1348,3,2,1,9,8,272,1,0,1,7414000,7279200,189740,14962940
Kathmandu,1265,2,2,2,4,6,417,1,1,0,15180000,4554000,222140,20076140
Pokhara,788,2,1,1,9,7,190,1,0,0,7092000,2836800,149800,10078600
Dhangadi,1614,4,6,1,6,7,252,1,1,1,8877000,11620800,165340,20863140
Syangja,2426,4,2,1,11,5,382,1,0,0,9704000,17467200,226440,27397640
Chitwan,2841,3,2,2,12,8,319,1,1,1,18466500,15341400,219980,34227880
Kathmandu,2672,3,1,1,13,7,188,1,0,1,32064000,14428800,162960,46735760
Chitwan,2381,1,3,4,12,7,361,1,0,0,15476500,4285800,232120,19994420
Pokhara,2723,4,1,3,5,6,234,1,1,1,24507000,19605600,148780,44461380
Dhangadi,2024,1,6,2,9,6,478,1,1,1,11132000,3643200,265260,15240460
Chitwan,2757,3,1,3,14,2,367,1,0,1,17920500,14887800,214140,33102440
Syangja,1247,3,1,1,4,2,260,1,1,1,4988000,6733800,134200,12056000
Pokhara,2203,2,1,4,14,3,425,1,0,0,19827000,7930800,244000,28001800
Pokhara,2130,4,1,1,12,7,243,1,1,1,19170000,15336000,182560,34888560
Pokhara,1156,1,1,3,14,7,236,1,0,0,10404000,2080800,186620,12671420
Dhangadi,2749,4,5,2,5,8,216,1,1,1,15119500,19792800,152220,35264520
Pokhara,2833,2,5,1,8,3,470,1,1,0,25497000,10198800,241900,36057700
Kathmandu,1294,4,6,3,13,7,193,1,1,0,15528000,9316800,165060,25129860
Syangja,2670,1,4,1,13,2,294,1,0,0,10680000,4806000,179980,15665980
Pokhara,650,4,6,4,13,8,259,1,1,0,5850000,4680000,198280,10848280
Chitwan,2858,4,1,1,12,3,246,1,1,1,18577000,20577600,161820,39516420
Kathmandu,1762,4,1,3,4,7,409,1,1,0,21144000,12686400,224280,34174680
Dhangadi,1721,3,2,3,13,5,330,1,0,0,9465500,9293400,211600,18970500
Dhangadi,1027,2,4,2,8,8,196,1,1,0,5648500,3697200,154320,9620020
Dhangadi,1056,3,6,4,6,2,393,1,0,0,5808000,5702400,197060,11707460
Pokhara,1927,1,3,2,13,4,363,1,1,1,17343000,3468600,219960,21231560
Chitwan,2727,1,3,2,8,8,413,1,1,1,17725500,4908600,245460,23079560
Dhangadi,1073,1,6,1,6,6,255,1,0,1,5901500,1931400,161100,8074000
Kathmandu,2908,3,6,1,7,2,456,1,1,0,34896000,15703200,227020,50946220
Syangja,675,3,3,2,6,7,238,1,1,0,2700000,3645000,159460,6624460
Kathmandu,1117,4,1,2,8,8,202,1,1,1,13404000,8042400,156840,21803240
Pokhara,1294,2,2,3,5,2,234,1,1,1,11646000,4658400,126780,16631180
Dhangadi,2130,1,6,2,9,3,436,1,0,0,11715000,3834000,231120,15780120
Syangja,1573,2,6,3,13,7,478,1,0,0,6292000,5662800,284760,12239560
Kathmandu,2754,2,1,3,6,8,272,1,0,0,33048000,9914400,179240,43141640
Syangja,1927,3,4,2,6,4,463,1,0,0,7708000,10405800,237460,18351260
Syangja,2868,3,6,1,11,2,352,1,0,1,11472000,15487200,197340,27236540
Dhangadi,2075,1,3,4,14,7,429,1,0,0,11412500,3735000,267680,15415180
Syangja,1570,1,1,4,6,4,324,1,0,0,6280000,2826000,179080,9285080
Chitwan,876,4,3,2,6,4,227,1,0,0,5694000,6307200,138340,12139540
Kathmandu,2509,1,4,2,11,6,369,1,1,0,30108000,4516200,226480,34970680
Pokhara,1522,2,6,3,6,6,334,1,0,0,13698000,5479200,194280,19371480
Dhangadi,1415,1,2,1,14,6,333,1,0,1,7782500,2547000,221860,10631360
Kathmandu,716,4,3,2,11,8,392,1,0,1,8592000,5155200,247140,14074340
Chitwan,1032,1,5,3,13,4,260,1,0,0,6708000,1857600,176700,8742300
Chitwan,1339,1,3,3,14,4,325,1,0,1,8703500,2410200,207500,11401200
Dhangadi,824,3,4,2,13,5,440,1,0,0,4532000,4449600,257800,9239400
Kathmandu,1922,3,2,3,12,3,441,1,1,0,23064000,10378800,243720,33806520
Syangja,623,4,2,4,14,2,250,1,1,0,2492000,4485600,165000,7262600
Syangja,1676,2,1,1,7,2,394,1,1,0,6704000,6033600,200980,13058580
Kathmandu,990,4,6,3,12,4,285,1,0,0,11880000,7128000,183700,19191700
Chitwan,2363,3,5,1,13,6,191,1,1,1,15359500,12760200,158720,28478420
Pokhara,925,2,6,2,9,5,291,1,1,1,8325000,3330000,181220,12036220
Chitwan,2321,2,6,4,4,4,452,1,1,0,15086500,8355600,225840,23787940
Syangja,1528,1,3,2,6,6,379,1,0,1,6112000,2750400,213180,9155580
Pokhara,2773,3,6,4,14,2,396,1,0,0,24957000,14974200,226320,40157520
Kathmandu,2477,1,1,2,6,3,204,1,0,1,29724000,4458600,123180,34385780
Kathmandu,2406,3,2,3,12,6,430,1,0,1,28872000,12992400,255600,42200000
Chitwan,826,4,5,1,5,6,275,1,0,1,5369000,5947200,166000,11562200
Kathmandu,2303,1,6,2,5,5,218,1,1,1,27636000,4145400,136560,32117960
Chitwan,1072,2,2,3,14,3,352,1,1,1,6968000,3859200,213340,11240540
Chitwan,710,2,1,4,7,6,398,1,1,1,4615000,2556000,224660,7595660
Dhangadi,1376,4,1,1,4,5,457,1,0,0,7568000,9907200,233440,17708640
Kathmandu,2356,1,4,1,10,4,410,1,1,0,28272000,4240800,229200,32862000
Pokhara,1993,3,3,3,13,5,322,1,0,1,17937000,10762200,208240,28987440
Syangja,1643,4,4,1,13,7,487,1,0,1,6572000,11829600,288540,18770140
Dhangadi,2694,2,5,1,5,6,197,1,1,1,14817000,9698400,133240,24848640
Syangja,1721,2,5,3,12,4,464,1,1,1,6884000,6195600,258880,13538480
Dhangadi,2436,2,2,3,13,6,183,1,0,1,13398000,8769600,155360,22402960
Chitwan,2149,4,6,2,12,5,237,1,0,0,13968500,15472800,169040,29610340
Kathmandu,2271,4,5,4,6,6,227,1,1,1,27252000,16351200,149340,43952540
Kathmandu,1349,4,5,3,9,7,351,1,1,1,16188000,9712800,217420,26318220
Chitwan,1200,2,1,3,10,3,303,1,1,0,7800000,4320000,178760,12418760
Chitwan,1376,4,6,3,11,5,331,1,1,1,8944000,9907200,205020,19256220
Chitwan,2828,3,4,4,13,3,265,1,1,0,18382000,15271200,173300,33946500
Syangja,1816,4,4,1,6,4,224,1,0,1,7264000,13075200,137080,20556280
Syangja,1940,4,3,4,6,3,258,1,1,0,7760000,13968000,145860,21993860
Syangja,2514,2,2,1,13,3,487,1,0,0,10056000,9050400,266540,19372940
Chitwan,1550,2,6,3,14,7,483,1,1,0,10075000,5580000,290360,16065360
Kathmandu,985,2,5,4,14,2,385,1,1,0,11820000,3546000,221700,15707700
Chitwan,2846,1,2,3,13,6,196,1,1,0,18499000,5122800,160820,23902620
Dhangadi,1788,4,1,4,9,8,324,1,0,0,9834000,12873600,211580,22919180
Chitwan,677,4,5,2,9,3,224,1,1,0,4400500,4874400,142080,9536980
Chitwan,1782,2,4,1,8,8,189,1,1,0,11583000,6415200,151380,18269580
Kathmandu,2663,3,2,1,9,5,391,1,1,1,31956000,14380200,223220,46759420
Kathmandu,1692,2,3,4,9,2,324,1,1,1,20304000,6091200,178580,26773780
Pokhara,2386,3,2,3,10,4,379,1,1,1,21474000,12884400,216180,34774580
Kathmandu,2589,1,2,3,4,8,456,1,0,0,31068000,4660200,249520,35977720
Syangja,1846,1,6,3,14,8,423,1,0,1,7384000,3322800,270660,11057460
Kathmandu,1715,4,3,1,4,8,477,1,1,0,20580000,12348000,258340,33306340
Chitwan,2008,1,2,1,13,7,374,1,1,1,13052000,3614400,241080,17107480
Dhangadi,2977,1,4,4,6,7,342,1,0,1,16373500,5358600,203140,22015240
Chitwan,2966,3,2,3,9,3,183,1,1,1,19279000,16016400,124860,35620260
Kathmandu,2480,1,5,3,14,8,430,1,0,1,29760000,4464000,273600,34577600
Syangja,1736,2,5,1,4,8,334,1,1,0,6944000,6249600,198280,13511880
Pokhara,750,2,6,4,12,3,273,1,0,0,6750000,2700000,173160,9623160
Syangja,989,1,4,2,13,8,340,1,0,0,3956000,1780200,232300,5968500
Syangja,899,2,6,4,12,4,229,1,1,1,3596000,3236400,160180,7192580
Pokhara,1131,3,4,3,13,3,429,1,0,1,10179000,6107400,242180,16608580
Syangja,1171,1,6,2,12,3,383,1,1,1,4684000,2107800,219360,7211160
Dhangadi,1550,4,2,4,13,4,378,1,1,1,8525000,11160000,226260,20111260
Chitwan,663,4,1,2,14,5,266,1,1,0,4309500,4773600,188220,9391320
Kathmandu,2120,4,4,4,4,5,344,1,0,1,25440000,15264000,185980,40969980
Dhangadi,2651,2,4,4,10,5,286,1,0,0,14580500,9543600,182620,24306720
Chitwan,1067,3,2,3,7,6,436,1,0,0,6935500,5761800,240620,12937920
Dhangadi,2591,1,2,2,9,3,266,1,0,1,14250500,4663800,159720,19154020
Chitwan,708,2,5,3,6,6,341,1,1,1,4602000,2548800,197220,7548020
Syangja,1543,1,1,2,8,3,253,1,1,1,6172000,2777400,150760,9300160
Syangja,1730,4,4,1,5,2,279,1,0,1,6920000,12456000,145680,19601680
Dhangadi,2969,2,4,2,13,8,237,1,1,1,16329500,10688400,189040,27406940
Chitwan,1184,2,5,3,13,4,352,1,0,1,7696000,4262400,215340,12253740
Chitwan,1224,2,3,4,11,6,452,1,0,0,7956000,4406400,261340,12623740
Dhangadi,617,2,1,1,11,8,444,1,0,0,3393500,2221200,268980,5883680
Dhangadi,1566,3,3,3,10,2,332,1,0,0,8613000,8456400,185440,17254840
Syangja,622,3,1,4,13,6,487,1,1,0,2488000,3358800,283040,6249840
Pokhara,2770,3,2,4,6,5,258,1,1,1,24930000,14958000,156860,40244860
Syangja,1612,3,5,2,10,4,398,1,1,1,6448000,8704800,224160,15576960
Pokhara,1266,4,1,3,6,2,263,1,1,1,11394000,9115200,142460,20851660
Dhangadi,1126,4,4,2,14,3,476,1,1,1,6193000,8107200,265420,14765620
Kathmandu,2332,4,6,1,12,2,387,1,1,0,27984000,16790400,215540,45109940
Chitwan,2737,1,5,4,9,7,293,1,0,0,17790500,4926600,193060,22910160
Syangja,2665,3,1,1,5,3,492,1,1,1,10660000,14391000,240640,25491640
Syangja,2114,1,4,4,12,6,314,1,0,0,8456000,3805200,206880,12468080
Dhangadi,2890,4,4,3,8,7,480,1,0,0,15895000,20808000,268100,36971100
Chitwan,784,3,2,4,8,3,283,1,1,1,5096000,4233600,163360,9692960
Kathmandu,1539,4,6,2,10,5,441,1,0,0,18468000,11080800,247720,29796520
Pokhara,691,1,2,3,6,2,259,1,0,1,6219000,1243800,140780,7683580
Syangja,868,1,6,1,10,4,363,1,0,0,3472000,1562400,209460,5243860
Dhangadi,2377,1,2,1,10,5,476,1,1,1,13073500,4278600,262420,17814520
Pokhara,1046,4,5,3,14,8,430,1,1,1,9414000,7531200,273600,17418800
Dhangadi,1777,3,2,4,14,7,419,1,1,1,9773500,9595800,263480,19832780
Syangja,2232,1,3,4,14,7,420,1,0,0,8928000,4017600,263900,13209500
Chitwan,2971,4,6,2,9,3,387,1,0,0,19311500,21391200,210540,40913240
Chitwan,1138,2,2,4,6,3,345,1,1,1,7397000,4096800,182400,11876200
Kathmandu,1636,3,6,1,4,7,452,1,0,0,19632000,8834400,242340,28708740
Syangja,1801,3,2,1,10,4,318,1,0,1,7204000,9725400,190560,17199960
Dhangadi,956,2,3,2,9,2,442,1,0,0,5258000,3441600,228140,8927740
Kathmandu,2986,2,4,2,11,7,500,1,1,1,35832000,10749600,287000,47068600
Pokhara,681,1,2,2,4,7,243,1,0,1,6129000,1225800,154560,7589360
Kathmandu,2497,2,6,3,9,3,215,1,0,1,29964000,8989200,138300,39171500
Kathmandu,1299,1,1,3,10,8,370,1,0,1,15588000,2338200,234400,18240600
Chitwan,2503,3,3,1,7,4,180,1,0,0,16269500,13516200,122100,29907800
Syangja,1849,2,2,3,6,6,289,1,1,1,7396000,6656400,175380,14427780
Chitwan,2220,2,5,3,11,7,423,1,0,0,14430000,7992000,254660,22676660
Pokhara,2329,2,6,2,13,7,351,1,0,1,20961000,8384400,231420,29656820
Chitwan,1763,1,2,2,10,7,396,1,0,0,11459500,3173400,239820,14872720
Kathmandu,773,3,6,2,10,7,458,1,1,0,9276000,4174200,265860,13836060
Kathmandu,1857,2,5,2,12,2,320,1,1,1,22284000,6685200,187400,29356600
Syangja,877,4,4,2,10,8,491,1,1,0,3508000,6314400,285220,10227620
Chitwan,1591,4,3,4,5,4,340,1,1,1,10341500,11455200,182300,22179000
Syangja,1744,1,3,1,9,3,320,1,0,1,6976000,3139200,182400,10377600
Pokhara,2659,1,4,1,9,2,406,1,0,0,23931000,4786200,213020,28930220
Kathmandu,2304,2,5,3,4,4,451,1,0,1,27648000,8294400,225420,36247820
Syangja,2017,3,4,2,8,2,431,1,1,1,8068000,10891800,220020,19379820
Pokhara,1864,2,2,1,6,7,457,1,0,0,16776000,6710400,251440,23737840
Pokhara,2174,4,5,3,6,8,282,1,0,1,19566000,15652800,183440,35482240
Pokhara,2441,1,3,3,9,4,193,1,0,0,21969000,4393800,134560,26497360
Kathmandu,2541,1,3,1,12,2,309,1,1,0,30492000,4573800,182780,35368580
Kathmandu,1965,1,1,4,11,8,347,1,1,0,23580000,3537000,228240,27465240
Kathmandu,2351,1,6,3,11,8,385,1,1,0,28212000,4231800,244200,32808000
Syangja,1309,4,6,4,8,5,443,1,0,1,5236000,9424800,241560,14982360
Chitwan,1565,4,3,1,7,6,326,1,0,1,10172500,11268000,194420,21714920
Kathmandu,2427,1,4,3,5,7,249,1,0,0,29124000,4368600,160580,33653180
Pokhara,1306,1,4,3,7,8,351,1,0,0,11754000,2350800,215920,14320720
Syangja,897,1,4,1,13,2,474,1,1,1,3588000,1614600,255580,5658180
Kathmandu,2257,4,2,2,5,5,376,1,0,1,27084000,16250400,202920,43617320
Pokhara,1044,2,3,2,14,5,440,1,0,0,9396000,3758400,261300,13415700
Kathmandu,1290,1,3,2,5,2,441,1,0,1,15480000,2322000,213720,18095720
Chitwan,2264,2,4,4,11,7,450,1,1,1,14716000,8150400,266000,23332400
Chitwan,1813,4,5,3,6,5,429,1,0,0,11784500,13053600,228680,25066780
Kathmandu,1102,1,5,3,13,7,304,1,0,1,13224000,1983600,211680,15499280
Dhangadi,2438,4,3,1,6,3,486,1,0,0,13409000,17553600,241620,31204220
Syangja,2665,2,1,4,9,2,313,1,0,1,10660000,9594000,173960,20507960
Syangja,698,4,6,4,6,2,199,1,1,1,2792000,5025600,115580,8133180
Chitwan,1574,1,3,1,9,3,482,1,1,0,10231000,2833200,250440,13434640
Syangja,1753,1,4,1,8,8,442,1,1,0,7012000,3155400,257640,10545040
Pokhara,1499,4,4,4,7,7,358,1,0,1,13491000,10792800,213360,24577160
Chitwan,2012,2,3,2,11,4,468,1,1,0,13078000,7243200,257060,20698260
Dhangadi,2035,3,1,1,5,8,207,1,0,1,11192500,10989000,148440,22409940
Chitwan,1598,3,6,2,4,8,196,1,0,1,10387000,8629200,140320,19236520
Pokhara,611,3,2,4,4,5,265,1,0,0,5499000,3299400,152800,8951200
Kathmandu,2389,4,5,1,13,5,355,1,1,0,28668000,17200800,222100,46210900
Pokhara,2727,2,2,2,5,2,312,1,0,0,24543000,9817200,159540,34519740
Dhangadi,2737,2,6,2,5,5,203,1,0,1,15053500,9853200,130260,25116960
Dhangadi,1400,3,3,1,9,8,291,1,0,1,7700000,7560000,197720,15537720
Pokhara,1841,4,2,1,7,8,372,1,1,1,16569000,13255200,224740,30248940
Pokhara,1634,4,2,2,5,4,472,1,1,1,14706000,11764800,237740,26908540
Pokhara,2108,4,5,1,8,7,425,1,1,0,18972000,15177600,245000,34514600
Syangja,977,4,6,3,7,4,246,1,1,1,3908000,7034400,149820,11292220
Pokhara,1523,4,1,1,6,8,337,1,1,0,13707000,10965600,206540,24999140
Syangja,2296,1,4,1,6,8,408,1,0,0,9184000,4132800,236360,13553160
Syangja,898,4,6,4,9,5,305,1,1,1,3592000,6465600,187100,10444700
Dhangadi,1946,3,3,2,4,8,492,1,0,0,10703000,10508400,264640,21476040
Dhangadi,2525,1,5,4,14,7,244,1,1,0,13887500,4545000,189980,18742480
Kathmandu,613,1,3,2,8,5,251,1,1,0,7356000,1103400,160920,8740320
Pokhara,2472,4,5,4,8,7,255,1,0,1,22248000,17798400,173600,40300000
Dhangadi,1611,1,5,3,4,4,374,1,0,0,8860500,2899800,193080,11953380
Chitwan,2772,2,4,1,9,4,431,1,1,1,18018000,9979200,234520,28431720
Syangja,1697,4,4,1,6,3,188,1,0,1,6788000,12218400,116460,19202860
Syangja,1819,3,5,4,9,3,387,1,0,1,7276000,9822600,210540,17389140
Kathmandu,1394,1,6,2,13,6,359,1,1,0,16728000,2509200,229280,19586480
Dhangadi,969,2,2,1,9,2,494,1,0,1,5329500,3488400,249980,9147880
Kathmandu,1620,3,1,1,11,4,300,1,0,0,19440000,8748000,186500,28374500
Pokhara,2310,3,4,3,9,2,289,1,0,0,20790000,12474000,163880,33427880
Syangja,1177,4,4,2,8,5,465,1,0,0,4708000,8474400,250800,13433200
Chitwan,1297,4,5,2,11,7,367,1,0,1,8430500,9338400,231140,18080040
Chitwan,1881,3,1,1,4,3,475,1,0,1,12226500,10157400,230000,22693900
Pokhara,705,2,3,2,7,8,459,1,1,1,6345000,2538000,261280,9344280
Chitwan,2380,2,2,3,14,6,192,1,0,1,15470000,8568000,162640,24280640
Dhangadi,1748,3,3,4,12,6,300,1,0,0,9614000,9439200,201000,19254200
Chitwan,1137,1,2,1,13,2,329,1,0,0,7390500,2046600,194680,9631780
Kathmandu,1165,4,6,2,9,8,303,1,0,0,13980000,8388000,202760,22570760
Dhangadi,1507,4,2,2,14,3,410,1,1,1,8288500,10850400,237700,19576600
Dhangadi,1986,3,4,2,9,4,292,1,0,1,10923000,10724400,176140,21903540
Syangja,1312,3,3,2,10,8,238,1,1,0,5248000,7084800,178960,12631760
Dhangadi,742,2,2,2,9,5,335,1,0,0,4081000,2671200,199700,6951900
Pokhara,1808,3,1,1,12,6,335,1,0,1,16272000,9763200,215700,26330900
Chitwan,1287,2,1,4,5,6,377,1,0,1,8365500,4633200,208840,13287540
Syangja,1111,3,5,4,8,3,181,1,1,1,4444000,5999400,120520,10763920
Dhangadi,2702,4,1,4,14,6,244,1,0,0,14861000,19454400,184480,34499880
Chitwan,2894,1,4,1,11,6,207,1,0,0,18811000,5209200,158440,24178640
Dhangadi,2739,2,2,2,11,7,323,1,0,0,15064500,9860400,212660,25137560
Pokhara,2759,3,2,4,7,4,435,1,1,0,24831000,14898600,229200,40078800
Dhangadi,630,3,1,4,8,8,353,1,1,1,3465000,3402000,220260,7287260
Chitwan,2233,2,1,2,5,2,266,1,1,0,14514500,8038800,140220,22813520
Kathmandu,2024,4,2,4,12,5,231,1,1,0,24288000,14572800,166520,39147320
Pokhara,885,3,1,3,13,7,416,1,0,0,7965000,4779000,258720,13002720
Kathmandu,2739,3,6,3,6,4,293,1,1,1,32868000,14790600,166060,48024660
Kathmandu,1630,3,6,1,9,8,254,1,0,1,19560000,8802000,182180,28624180
Syangja,2455,2,2,3,6,7,365,1,0,1,9820000,8838000,212800,18950800
Pokhara,824,1,4,4,4,6,452,1,0,1,7416000,1483200,236840,9216040
Chitwan,1175,2,3,4,6,7,416,1,0,0,7637500,4230000,234220,12101720
Dhangadi,1246,3,5,3,12,8,483,1,1,0,6853000,6728400,288860,13990260
Chitwan,2027,2,3,4,9,2,355,1,1,0,13175500,7297200,191600,20784300
Syangja,762,3,5,2,14,6,329,1,0,1,3048000,4114800,220180,7462980
Chitwan,1959,4,1,2,14,3,420,1,0,1,12733500,14104800,241900,27160200
Kathmandu,1572,1,6,4,10,8,244,1,1,1,18864000,2829600,181480,22075080
Pokhara,1930,3,4,4,13,2,462,1,0,1,17370000,10422000,250540,28122540
Pokhara,2135,2,2,4,6,8,475,1,0,0,19215000,7686000,264500,27165500
Syangja,868,3,2,2,8,3,207,1,0,1,3472000,4687200,131440,8370640
Dhangadi,2685,3,4,3,6,7,265,1,1,0,14767500,14499000,170800,29557300
Syangja,802,3,5,4,5,3,323,1,1,0,3208000,4330800,169660,7828460
Kathmandu,799,4,2,2,5,6,446,1,1,0,9588000,5752800,237820,15698620
Chitwan,712,2,4,2,11,7,476,1,0,0,4628000,2563200,276920,7468120
Pokhara,1037,4,1,2,6,2,388,1,0,0,9333000,7466400,194960,16994360
Dhangadi,935,3,4,1,14,5,308,1,1,1,5142500,5049000,205860,10597360
Syangja,2730,3,2,2,4,7,384,1,1,0,10920000,14742000,213780,25995780
Pokhara,2831,4,1,2,10,4,317,1,1,1,25479000,20383200,190140,46252340
Chitwan,2186,2,4,3,5,2,288,1,0,1,14209000,7869600,149460,22308060
Dhangadi,1987,4,1,3,7,5,470,1,1,1,10928500,14306400,249400,25684300
Chitwan,2132,2,2,2,9,4,385,1,1,0,13858000,7675200,215200,21868400
Dhangadi,1221,1,3,1,5,7,392,1,0,0,6715500,2197800,220640,9133940
Syangja,2659,4,2,4,11,7,349,1,0,1,10636000,19144800,223580,30084380
Pokhara,1076,1,3,2,6,4,477,1,0,1,9684000,1936800,243340,11944140
Kathmandu,2855,2,1,3,10,6,268,1,0,0,34260000,10278000,180560,44718560
Syangja,1211,4,5,3,12,6,451,1,1,0,4844000,8719200,264420,13947620
Pokhara,1664,3,4,1,14,8,340,1,0,0,14976000,8985600,235800,24197400
Kathmandu,2205,1,4,3,5,4,277,1,0,1,26460000,3969000,155840,30664840
Kathmandu,2272,1,5,2,5,8,341,1,0,1,27264000,4089600,204720,31638320
Chitwan,2455,2,3,3,10,5,321,1,1,1,15957500,8838000,197320,25192820
Kathmandu,1321,1,1,4,8,6,348,1,1,1,15852000,2377800,207160,18636960
Dhangadi,2578,1,5,2,10,3,420,1,0,0,14179000,4640400,227900,19047300
Dhangadi,826,2,3,3,7,5,310,1,1,0,4543000,2973600,182200,7818800
Dhangadi,1997,4,1,1,10,8,308,1,0,0,10983500,14378400,208360,25570260
Kathmandu,2636,4,3,4,14,7,433,1,1,1,31632000,18979200,269360,51080560
Dhangadi,2161,2,2,2,13,2,373,1,0,1,11885500,7779600,213160,19958260
Kathmandu,2159,1,1,4,11,5,325,1,0,0,25908000,3886200,202500,29996700
Syangja,2184,2,5,1,14,8,455,1,1,0,8736000,7862400,284100,17002500
Chitwan,1789,3,1,1,5,2,477,1,1,0,11628500,9660600,228840,21637940
Pokhara,2328,3,4,1,7,5,456,1,1,1,20952000,12571200,243520,33966720
Pokhara,699,4,5,2,12,4,414,1,0,1,6291000,5032800,237880,11641680
Syangja,2877,1,6,1,9,3,362,1,0,0,11508000,5178600,200040,16886640
Chitwan,2204,4,1,3,10,7,388,1,0,1,14326000,15868800,236460,30511260
Syangja,1184,1,6,4,13,6,483,1,1,0,4736000,2131200,281360,7268560
Kathmandu,2015,3,1,3,9,8,180,1,0,0,24180000,10881000,151100,35212100
Chitwan,1428,1,2,4,6,4,317,1,0,0,9282000,2570400,176140,12028540
Kathmandu,2730,4,5,3,11,8,312,1,1,1,32760000,19656000,213540,52829540
Syangja,2464,1,3,4,5,2,221,1,1,0,9856000,4435200,121320,14532520
Syangja,2515,3,3,3,11,6,482,1,0,1,10060000,13581000,273940,23994940
Pokhara,1928,2,4,4,12,5,192,1,0,0,17352000,6940800,150140,24442940
Kathmandu,2542,3,2,3,5,8,180,1,1,0,30504000,13726800,137100,44487900
Dhangadi,2057,3,3,4,6,2,218,1,1,1,11313500,11107800,123560,22744860
Chitwan,1813,2,1,3,9,4,320,1,0,0,11784500,6526800,187900,18499200
Dhangadi,2707,4,6,1,11,8,358,1,1,1,14888500,19490400,232860,34811760
Chitwan,2713,1,1,3,11,6,186,1,1,1,17634500,4883400,149620,22867520
Dhangadi,2083,2,3,3,6,8,303,1,0,0,11456500,7498800,192260,19147560
Syangja,1197,3,6,1,11,7,461,1,1,0,4788000,6463800,270620,11642420
Syangja,2687,1,6,3,8,8,318,1,0,1,10748000,4836600,205560,15870160
Kathmandu,979,4,1,3,9,5,286,1,1,1,11748000,7048800,179120,19175920
Dhangadi,2871,4,4,4,5,5,183,1,1,1,15790500,20671200,121860,36783560
Chitwan,2960,4,3,3,11,7,475,1,0,1,19240000,21312000,276500,40908500
Dhangadi,2362,3,6,3,12,7,317,1,0,1,12991000,12754800,213640,26039440
Kathmandu,2745,4,1,2,8,7,309,1,0,0,32940000,19764000,196280,52900280
Chitwan,1523,2,5,2,4,5,467,1,1,0,9899500,5482800,237640,15739940
Syangja,1756,3,2,3,13,8,445,1,0,1,7024000,9482400,276400,16862800
Kathmandu,2593,1,1,2,9,5,231,1,1,1,31116000,4667400,156020,36139420
Kathmandu,2284,4,5,1,11,8,197,1,1,0,27408000,16444800,165240,44138040
Pokhara,1814,3,2,4,4,8,451,1,1,0,16326000,9795600,247420,26489020
Kathmandu,2977,3,3,3,7,8,418,1,1,1,35724000,16075800,244060,52243860
Dhangadi,2873,3,5,1,13,6,320,1,1,0,15801500,15514200,212900,31648600
Chitwan,2413,4,2,2,12,8,283,1,0,0,15684500,17373600,204860,33262960
Syangja,745,3,5,3,9,5,389,1,0,1,2980000,4023000,222380,7305380
Syangja,1328,1,2,2,11,7,343,1,0,1,5312000,2390400,221060,8003460
Dhangadi,2823,2,3,4,9,7,449,1,0,0,15526500,10162800,258580,25947880
Dhangadi,1943,2,2,2,10,5,458,1,0,1,10686500,6994800,254860,18016160
Syangja,2612,1,6,4,9,5,295,1,1,1,10448000,4701600,182900,15532500
Pokhara,1322,2,6,4,8,5,329,1,1,1,11898000,4759200,193680,17050880
Chitwan,829,2,4,3,8,4,294,1,1,0,5388500,2984400,173480,8666380
Kathmandu,1321,2,1,4,9,8,350,1,0,1,15852000,4755600,222500,20910100
Chitwan,833,1,1,2,10,7,299,1,0,0,5414500,1499400,199080,7112980
Chitwan,1476,4,6,3,14,5,297,1,0,1,9594000,10627200,201240,20502440
Pokhara,2345,1,5,4,13,2,211,1,1,0,21105000,4221000,145120,25591120
Pokhara,2736,1,5,3,13,2,465,1,0,1,24624000,4924800,251800,29880600
Pokhara,769,1,6,4,14,4,204,1,1,0,6921000,1384200,156680,8581880
Chitwan,1059,1,4,3,4,2,287,1,0,0,6883500,1906200,145540,8935240
Pokhara,2243,2,6,1,13,8,255,1,1,1,20187000,8074800,196600,28658400
Syangja,1263,2,1,2,14,8,405,1,1,0,5052000,4546800,263100,9981900
Chitwan,2187,1,6,3,13,2,281,1,1,1,14215500,3936600,174520,18526620
Pokhara,2040,3,5,4,10,6,324,1,0,0,18360000,11016000,204080,29580080
Pokhara,740,2,1,1,10,6,283,1,0,1,6660000,2664000,186860,9590860
Kathmandu,1436,4,2,3,7,8,447,1,1,0,17232000,10339200,256240,27947440
Chitwan,2060,2,2,1,8,7,402,1,1,0,13390000,7416000,235340,21161340
Chitwan,1235,2,1,1,12,3,403,1,0,1,8027500,4446000,227760,12781260
Syangja,1946,1,1,4,8,3,472,1,1,1,7784000,3502800,242740,11729540
Dhangadi,1999,2,5,4,10,2,294,1,1,0,10994500,7196400,169480,18480380
Pokhara,2159,1,5,1,11,6,211,1,1,0,19431000,3886200,160120,23597320
Kathmandu,2014,3,3,4,5,6,375,1,1,1,24168000,10875600,208000,35451600
Pokhara,2912,2,5,1,5,3,438,1,1,0,26208000,10483200,217960,37029160
Syangja,1733,1,4,1,9,4,493,1,1,0,6932000,3119400,260560,10431960
Syangja,1674,2,4,1,12,3,494,1,0,1,6696000,6026400,265980,13068380
Syangja,2953,3,2,4,5,6,276,1,0,0,11812000,15946200,166420,27924620
Dhangadi,1494,3,4,2,4,3,449,1,1,1,8217000,8067600,219080,16703680
Dhangadi,2336,1,1,2,4,7,340,1,1,1,12848000,4204800,195300,17448100
Chitwan,2199,2,6,1,6,8,440,1,0,0,14293500,7916400,249800,22459700
Pokhara,736,2,6,2,4,3,217,1,0,1,6624000,2649600,121640,9475240
Chitwan,1679,4,3,4,8,7,333,1,1,1,10913500,12088800,206360,23408660
Pokhara,692,3,3,2,10,6,263,1,0,1,6228000,3736800,178460,10223260
Syangja,1807,4,5,3,10,6,372,1,0,1,7228000,13010400,224240,20542640
Kathmandu,743,2,1,1,11,5,272,1,0,1,8916000,2674800,180240,11851040
Kathmandu,1268,3,2,3,13,2,410,1,0,0,15216000,6847200,228700,22291900
Chitwan,621,2,1,4,6,8,329,1,1,0,4036500,2235600,203180,6595280
Kathmandu,1809,1,3,3,5,4,200,1,0,1,21708000,3256200,123500,25167700
Dhangadi,1073,4,3,2,6,4,431,1,0,1,5901500,7725600,224020,13931120
Dhangadi,1723,1,5,4,10,7,399,1,1,1,9476500,3101400,241080,13018980
Pokhara,1038,2,6,1,12,6,239,1,1,1,9342000,3736800,175380,13454180
Dhangadi,1482,3,4,3,11,4,364,1,1,1,8151000,8002800,213380,16567180
Dhangadi,2458,4,3,3,6,8,342,1,1,0,13519000,17697600,208640,31545240
Syangja,1305,2,1,3,9,5,433,1,0,0,5220000,4698000,240860,10158860
Kathmandu,1212,1,1,1,10,4,184,1,0,0,14544000,2181600,134280,16859880
Syangja,2253,1,3,1,5,6,246,1,0,0,9012000,4055400,153820,13221220
Dhangadi,1557,3,2,1,7,4,258,1,0,0,8563500,8407800,154860,17126160
Syangja,991,2,6,1,8,4,377,1,1,1,3964000,3567600,208340,7939940
Chitwan,1045,2,4,2,13,6,325,1,0,1,6792500,3762000,215000,10849500
Dhangadi,969,4,4,2,10,3,459,1,1,1,5329500,6976800,244280,12750580
Kathmandu,1660,1,5,2,10,8,497,1,1,0,19920000,2988000,287740,23315740
Kathmandu,2670,1,4,2,7,8,392,1,0,1,32040000,4806000,233140,37159140
Kathmandu,815,1,2,3,6,8,345,1,0,0,9780000,1467000,209900,11456900
Kathmandu,2066,2,1,2,10,2,495,1,1,0,24792000,7437600,253900,32603500
Syangja,2900,3,2,1,6,4,408,1,0,0,11600000,15660000,214360,27474360
Dhangadi,2395,3,1,2,12,2,412,1,0,0,13172500,12933000,226040,26331540
Pokhara,2398,3,4,3,7,2,415,1,1,0,21582000,12949200,209800,34861000
Chitwan,2821,3,6,1,12,8,195,1,0,0,18336500,15233400,167900,33737800
Dhangadi,992,2,3,4,8,6,187,1,1,0,5456000,3571200,139540,9286740
Chitwan,1957,3,1,1,14,5,310,1,0,0,12720500,10567800,206700,23495000
Chitwan,2169,4,5,4,11,7,206,1,0,1,14098500,15616800,163520,29958820
Dhangadi,1044,4,5,2,12,8,301,1,0,0,5742000,7516800,212420,13471220
Kathmandu,2808,2,5,3,5,2,232,1,1,0,33696000,10108800,125940,44050740
Pokhara,2958,3,2,4,8,4,247,1,0,0,26622000,15973200,153740,42748940
Dhangadi,990,1,3,2,4,5,364,1,0,0,5445000,1782000,194380,7421380
Syangja,1852,1,6,2,14,3,399,1,1,1,7408000,3333600,233080,11174680
Chitwan,3000,3,5,2,6,7,463,1,1,0,19500000,16200000,253960,36073960
Chitwan,2625,1,2,2,9,7,384,1,0,1,17062500,4725000,231280,22098780
Dhangadi,2774,4,1,1,11,8,414,1,1,0,15257000,19972800,256380,35606180
Syangja,1528,3,5,4,11,8,366,1,1,1,6112000,8251200,236220,14799420
Dhangadi,1427,2,6,3,13,6,263,1,1,0,7848500,5137200,188960,13294660
Syangja,2101,3,2,3,14,6,496,1,1,1,8404000,11345400,290320,20239720
Kathmandu,2473,1,1,2,6,5,208,1,1,1,29676000,4451400,135860,34463260
Kathmandu,1806,4,5,3,5,5,261,1,1,0,21672000,13003200,154620,34949820
Chitwan,2853,3,1,2,13,6,211,1,0,1,18544500,15406200,167120,34197820
Syangja,2800,4,4,2,10,3,472,1,1,1,11200000,20160000,249740,31809740
Kathmandu,2199,4,6,2,5,8,360,1,1,0,26388000,15832800,212700,42553500
Pokhara,1204,1,6,4,11,6,306,1,0,1,10836000,2167200,200020,13283220
Pokhara,1154,2,3,1,7,2,395,1,1,0,10386000,4154400,201400,14861800
Kathmandu,2477,2,5,1,14,2,328,1,1,1,29724000,8917200,197760,39038960
Chitwan,1184,3,4,1,13,4,348,1,0,1,7696000,6393600,213660,14383260
Syangja,802,1,6,4,12,2,196,1,0,0,3208000,1443600,135320,4786920
Pokhara,1812,2,1,1,9,5,208,1,0,0,16308000,6523200,146360,22977560
Dhangadi,1981,3,1,1,4,7,410,1,1,0,10895500,10697400,224700,21937600
Kathmandu,963,1,5,1,5,6,487,1,1,1,11556000,1733400,255040,13744440
Dhangadi,2451,2,3,2,7,7,250,1,1,0,13480500,8823600,168000,22592100
Pokhara,2033,2,6,3,9,4,445,1,1,1,18297000,7318800,240400,26056200
Syangja,1791,3,5,3,14,2,183,1,0,1,7164000,9671400,136860,17052260
Kathmandu,1589,3,1,1,7,6,295,1,1,0,19068000,8580600,181400,27950000
Kathmandu,2837,2,2,2,11,7,377,1,0,1,34044000,10213200,235340,44572540
Kathmandu,2802,1,5,3,5,6,251,1,1,1,33624000,5043600,155920,39023520
Kathmandu,2008,1,2,3,7,2,198,1,1,0,24096000,3614400,118660,27949060
Pokhara,2288,3,3,2,10,3,242,1,0,1,20592000,12355200,153140,33180340
Kathmandu,1079,1,5,3,14,6,194,1,0,0,12948000,1942200,163480,15053680
Dhangadi,2095,3,5,3,13,2,245,1,0,0,11522500,11313000,159400,22994900
Dhangadi,2957,1,4,3,4,4,214,1,0,1,16263500,5322600,125880,21791980
Syangja,784,4,4,1,11,8,236,1,1,0,3136000,5644800,181620,9082420
Dhangadi,2180,1,3,2,5,7,332,1,1,1,11990000,3924000,195440,16309440
Dhangadi,1816,1,5,2,13,5,206,1,0,1,9988000,3268800,159520,13496320
Syangja,2615,3,5,2,9,6,389,1,0,1,10460000,14121000,227880,24888880
Dhangadi,1115,2,6,3,5,5,443,1,0,0,6132500,4014000,231060,10377560
Kathmandu,647,2,3,4,10,5,452,1,0,0,7764000,2329200,252340,10345540
Syangja,2112,2,6,2,10,7,346,1,1,1,8448000,7603200,218820,16470020
Syangja,1639,2,4,4,8,7,369,1,0,1,6556000,5900400,221480,12757880
Chitwan,1873,4,4,4,10,3,360,1,0,0,12174500,13485600,202700,25862800
Syangja,2766,3,4,4,6,4,227,1,1,1,11064000,14936400,138340,26338740
Kathmandu,1744,4,2,4,12,4,483,1,1,0,20928000,12556800,266860,33871660
Pokhara,1933,4,1,1,8,8,319,1,0,0,17397000,13917600,205980,31520580
Pokhara,917,4,2,4,10,6,185,1,0,1,8253000,6602400,145700,15081100
Syangja,2208,3,4,1,7,3,267,1,1,1,8832000,11923200,153140,21108340
Dhangadi,2515,4,2,3,10,7,364,1,0,0,13832500,18108000,226380,32166880
Dhangadi,2523,3,6,3,6,5,355,1,0,1,13876500,13624200,197600,27778300
Syangja,1668,3,3,1,11,6,204,1,1,1,6672000,9007200,157180,16036380
Chitwan,1836,1,1,2,12,4,232,1,0,0,11934000,3304800,161440,15400240
Dhangadi,650,3,3,4,8,5,350,1,1,0,3575000,3510000,202500,7407500
Chitwan,768,3,5,3,4,5,224,1,1,1,4992000,4147200,135580,9474780
Kathmandu,2688,3,3,2,5,4,335,1,1,0,32256000,14515200,180200,47071400
Pokhara,1038,4,3,2,10,8,391,1,1,0,9342000,7473600,243220,17178820
Pokhara,2907,2,6,4,10,6,366,1,1,1,26163000,10465200,221720,37049920
Chitwan,2643,2,1,2,13,5,433,1,0,0,17179500,9514800,254860,26949160
Pokhara,2460,1,6,4,4,2,263,1,1,0,22140000,4428000,135460,26823460
Pokhara,1650,4,1,4,14,7,350,1,0,0,14850000,11880000,234500,26964500
Syangja,2272,1,1,3,14,5,323,1,0,1,9088000,4089600,212160,13469760
Pokhara,779,2,6,2,5,7,421,1,1,1,7011000,2804400,232820,10248220
Kathmandu,2450,3,1,2,14,5,281,1,0,1,29400000,13230000,194520,42904520
Chitwan,937,4,1,2,7,2,253,1,0,0,6090500,6746400,141760,12978660
Dhangadi,891,3,2,3,5,7,303,1,0,0,4900500,4811400,183260,9895160
Dhangadi,1223,2,3,4,11,4,270,1,1,1,6726500,4402800,173900,11503200
Chitwan,1331,1,2,1,13,7,317,1,0,0,8651500,2395800,217140,11264440
Syangja,2671,1,6,3,5,2,338,1,0,1,10684000,4807800,170460,15742260
Kathmandu,620,1,6,3,12,7,228,1,1,1,7440000,1116000,176260,8932260
Syangja,1184,4,2,2,4,4,349,1,1,1,4736000,8524800,182580,13643380
Kathmandu,1974,1,5,3,12,4,347,1,0,1,23688000,3553200,209740,27530940
Kathmandu,1563,3,4,2,5,4,348,1,0,1,18756000,8440200,185660,27461860
Pokhara,2005,2,5,3,12,2,252,1,1,1,18045000,7218000,158840,25621840
Chitwan,2364,4,4,2,7,8,462,1,0,0,15366000,17020800,262540,32649340
Kathmandu,937,4,1,2,9,4,376,1,1,0,11244000,6746400,211420,18321820
Syangja,1528,1,5,1,13,8,431,1,0,1,6112000,2750400,270520,9212920
Dhangadi,2375,1,3,1,9,3,246,1,0,0,13062500,4275000,151320,17488820
Syangja,1006,3,5,1,4,8,427,1,1,1,4024000,5432400,237340,9893740
Dhangadi,2726,2,4,4,4,5,346,1,1,0,14993000,9813600,186820,25113420
Chitwan,2593,1,3,2,5,7,184,1,0,0,16854500,4667400,133280,21655180
Syangja,2803,2,6,4,4,5,226,1,0,0,11212000,10090800,136420,21439220
Pokhara,1007,3,2,1,7,4,188,1,0,0,9063000,5437800,125460,14626260
Kathmandu,2285,4,4,3,10,4,247,1,0,0,27420000,16452000,160740,44032740
Chitwan,1865,1,6,3,9,7,237,1,1,0,12122500,3357000,169540,15769040
Syangja,1617,2,6,1,12,6,332,1,0,0,6468000,5821200,214440,12503640
Pokhara,1309,2,5,3,8,8,453,1,0,0,11781000,4712400,262260,16755660
Syangja,2370,3,4,2,6,6,485,1,0,0,9480000,12798000,257700,22535700
Kathmandu,1853,1,4,2,4,5,496,1,1,1,22236000,3335400,249820,26021220
Syangja,2383,3,5,4,5,4,382,1,1,1,9532000,12868200,199940,22800140
Dhangadi,1092,4,1,2,10,4,489,1,0,0,6006000,7862400,262380,14130780
Kathmandu,1356,1,1,3,7,5,268,1,0,0,16272000,2440800,164560,18877360
Chitwan,2103,3,5,3,12,7,418,1,1,1,13669500,11356200,256060,25481760
Kathmandu,2910,1,4,2,5,7,261,1,1,1,34920000,5238000,165620,40523620
Dhangadi,1044,1,4,1,5,4,278,1,0,0,5742000,1879200,156260,7777460
Kathmandu,2204,3,6,2,11,5,249,1,0,1,26448000,11901600,170580,38600180
Syangja,2070,1,6,4,10,4,264,1,0,1,8280000,3726000,167880,12253880
Chitwan,643,3,6,1,5,6,467,1,1,0,4179500,3472200,246640,8018340
Chitwan,2699,2,6,2,6,3,371,1,1,0,17543500,9716400,193320,27573220
Kathmandu,2777,3,6,4,13,8,309,1,1,1,33324000,14995800,219280,48739080
Dhangadi,924,3,4,2,4,3,484,1,1,0,5082000,4989600,233780,10425380
Pokhara,2239,2,3,4,9,3,341,1,0,0,20151000,8060400,191220,28402620
Chitwan,1248,1,2,1,10,4,449,1,0,1,8112000,2246400,245580,10683980
Pokhara,979,1,3,2,9,6,472,1,1,1,8811000,1762200,262740,11035940
Syangja,1674,2,2,2,9,7,229,1,0,0,6696000,6026400,166180,12888580
Chitwan,1063,1,1,3,4,2,407,1,0,0,6909500,1913400,195940,9018840
Chitwan,2433,2,1,2,9,2,230,1,0,0,15814500,8758800,139100,24712400
Chitwan,1481,4,3,2,4,7,447,1,1,0,9626500,10663200,240240,20649940
Pokhara,1375,1,3,2,14,6,497,1,0,1,12375000,2475000,290740,15220740
Kathmandu,1318,2,2,4,12,8,252,1,1,0,15816000,4744800,191840,20872640
Chitwan,2965,2,2,3,5,3,374,1,0,0,19272500,10674000,191080,30137580
Kathmandu,1791,4,3,3,13,7,401,1,1,0,21492000,12895200,252420,34759620
Pokhara,1869,1,3,1,5,5,399,1,1,0,16821000,3364200,212580,20517780
Dhangadi,1006,4,3,1,6,3,397,1,0,0,5533000,7243200,204240,12980440
Chitwan,1106,3,2,1,11,2,192,1,1,1,7189000,5972400,130140,13491540
Syangja,676,2,1,1,14,7,387,1,1,1,2704000,2433600,250040,5587640
Dhangadi,606,2,1,3,13,6,382,1,1,1,3333000,2181600,238940,5953540
Pokhara,1040,4,5,1,5,2,416,1,1,1,9360000,7488000,203220,17251220
Pokhara,1354,3,6,1,4,4,306,1,1,1,12186000,7311600,164520,19862120
Syangja,1802,2,4,4,4,3,351,1,0,0,7208000,6487200,177920,13873120
Syangja,2941,1,6,4,4,8,180,1,0,1,11764000,5293800,133600,17271400
Chitwan,1921,1,1,3,4,4,477,1,0,1,12486500,3457800,236340,16260640
Kathmandu,2490,3,4,3,12,3,363,1,1,1,29880000,13446000,210960,43736960
Pokhara,2624,3,6,1,7,8,269,1,0,0,23616000,14169600,181480,37967080
Pokhara,2257,2,6,1,7,4,229,1,0,0,20313000,8125200,142680,28580880
Syangja,1437,3,3,4,11,6,368,1,1,1,5748000,7759800,226060,13933860
Syangja,2807,3,2,2,9,4,377,1,0,0,11228000,15157800,211840,26597640
Pokhara,2896,1,6,3,5,7,324,1,1,0,26064000,5212800,192080,31588880
Syangja,2298,3,5,2,12,5,196,1,1,0,9192000,12409200,151820,21873020
Pokhara,757,4,6,3,4,5,353,1,1,1,6813000,5450400,189760,12653160
Chitwan,2921,2,6,3,4,4,422,1,1,1,18986500,10515600,213240,29915340
Dhangadi,2354,3,4,3,7,6,443,1,1,0,12947000,12711600,243560,26022160
Pokhara,1834,4,3,3,7,8,309,1,0,0,16506000,13204800,198280,29909080
Syangja,1613,4,4,2,5,8,391,1,1,0,6452000,11613600,225720,18411320
Kathmandu,836,4,1,4,11,2,319,1,0,0,10032000,6019200,183480,16234680
Pokhara,2087,1,1,4,7,7,379,1,1,0,18783000,3756600,222180,22881780
Syangja,1163,3,2,4,11,6,369,1,0,0,4652000,6280200,226480,11158680
Chitwan,2465,3,4,1,9,3,219,1,0,1,16022500,13311000,139980,29553480
Syangja,2418,4,3,2,10,6,197,1,1,1,9672000,17409600,150740,27432340
Chitwan,1042,2,1,1,11,7,245,1,1,1,6773000,3751200,179900,10904100
Kathmandu,2058,1,5,4,9,4,496,1,1,0,24696000,3704400,261820,28782220
Kathmandu,1610,4,6,4,14,2,469,1,0,1,19320000,11592000,256980,31248980
Chitwan,1954,3,6,3,5,5,208,1,0,0,12701000,10551600,132360,23384960
Kathmandu,1946,4,1,4,13,7,251,1,1,1,23352000,14011200,189420,37752620
Dhangadi,2479,1,1,4,5,3,324,1,0,0,13634500,4462200,170080,18266780
Dhangadi,2125,4,4,2,5,8,413,1,0,0,11687500,15300000,234960,27222460
Kathmandu,1735,2,2,3,7,5,221,1,1,0,20820000,6246000,144820,27330820
Dhangadi,1401,4,1,2,4,6,379,1,0,1,7705500,10087200,206180,18078880
Pokhara,1113,2,4,4,12,3,415,1,1,0,10017000,4006800,232800,14376600
Syangja,1189,2,4,4,8,5,370,1,0,1,4756000,4280400,210900,9327300
Syangja,2006,4,5,3,14,2,293,1,1,1,8024000,14443200,183060,22850260
Kathmandu,1503,4,2,2,10,7,344,1,0,1,18036000,10821600,217980,29155580
Dhangadi,636,3,3,4,12,2,314,1,0,0,3498000,3434400,184880,7117280
Kathmandu,1580,4,4,1,11,8,328,1,1,1,18960000,11376000,220260,30756260
Pokhara,1464,1,1,1,11,6,183,1,0,0,13176000,2635200,148360,15959560
Kathmandu,1683,4,4,4,10,3,451,1,1,1,20196000,12117600,240920,32754520
Syangja,607,1,1,4,9,8,478,1,0,1,2428000,1092600,276260,3876860
Kathmandu,1443,4,2,4,9,5,431,1,0,0,17316000,10389600,240020,27945620
Syangja,697,2,2,3,10,4,424,1,1,1,2788000,2509200,235080,5732280
Dhangadi,2489,2,4,2,10,7,295,1,0,1,13689500,8960400,197400,22927300
Chitwan,1662,4,1,4,4,8,350,1,0,1,10803000,11966400,205000,23054400
Chitwan,1457,1,6,4,12,4,335,1,1,0,9470500,2622600,204700,12417800
Chitwan,996,3,3,2,4,4,448,1,0,1,6474000,5378400,224160,12156560
Kathmandu,2563,2,1,2,5,2,187,1,0,0,30756000,9226800,107040,40089840
Pokhara,1800,2,2,4,8,8,229,1,0,1,16200000,6480000,168180,22928180
Chitwan,2410,2,3,1,13,3,213,1,0,1,15665000,8676000,151460,24572460
Dhangadi,2293,4,6,1,5,3,255,1,0,1,12611500,16509600,141100,29342200
Pokhara,2001,4,3,4,10,3,341,1,0,0,18009000,14407200,194720,32610920
Pokhara,2536,1,2,3,6,8,356,1,0,1,22824000,4564800,214520,27683320
Chitwan,1354,2,1,1,7,7,456,1,1,0,8801000,4874400,254520,14049920
Pokhara,1199,1,4,4,6,4,250,1,1,0,10791000,2158200,148000,13217200
Chitwan,1033,1,4,3,6,2,350,1,0,0,6714500,1859400,179000,8752900
Pokhara,1733,4,1,1,7,2,379,1,0,1,15597000,12477600,194680,28349280
Kathmandu,2407,3,5,3,11,3,242,1,0,0,28884000,12997800,156640,42038440
Dhangadi,967,1,4,1,9,3,296,1,0,1,5318500,1740600,172320,7311420
Dhangadi,1143,1,6,1,14,2,478,1,1,1,6286500,2057400,260760,8804660
Kathmandu,1275,4,2,3,5,2,475,1,1,0,15300000,9180000,228000,24828000
Kathmandu,1862,2,5,4,11,3,496,1,0,1,22344000,6703200,263320,29390520
Kathmandu,1287,4,6,4,8,4,297,1,1,1,15444000,9266400,174740,25085140
Pokhara,2021,1,5,1,9,4,219,1,1,1,18189000,3637800,145480,22172280
Chitwan,1849,3,3,3,13,5,240,1,1,0,12018500,9984600,173800,22296900
Dhangadi,708,4,6,1,6,6,404,1,1,0,3894000,5097600,223680,9335280
